{"train_loss": [0.9298587751270521, 0.9256226110576403, 0.9231547273621701, 0.9154221548302339, 0.9031970869786669, 0.895696629096966, 0.889675786589632, 0.8857064530400947, 0.8805486418233059, 0.8770441528003995, 0.874759179235685, 0.8728850660937848, 0.8688504161811111, 0.8696449947829293, 0.8682088621772162, 0.8659128254593009, 0.8634076266005488, 0.8618656739149944, 0.8614397712863318, 0.8597052085517657, 0.8592140591970765, 0.8600103329904009, 0.8573735196991722, 0.8565979431761374, 0.8559134608448142, 0.8554695835798094, 0.8547556721928096, 0.8543809799864741, 0.8542047030854933, 0.8525379518471142], "validation_loss": [0.9125502150634239, 0.9117495575170408, 0.9080579815239742, 0.8984080039221665, 0.8900583311059009, 0.8844763307735838, 0.8793100351574777, 0.8751198025955551, 0.8804576766902003, 0.8740571154945198, 0.8725880021336435, 0.8700129704913874, 0.8720431917015163, 0.868322584135779, 0.8674978154829178, 0.8685510884756329, 0.8705598931202944, 0.8681187999659571, 0.8664575116387729, 0.8659718913593512, 0.8670033182220898, 0.8656801923938181, 0.8650878016976105, 0.8641095579355612, 0.8652509354996956, 0.8632390882777071, 0.8640267903777374, 0.8664978639832859, 0.8630310166841266, 0.8668063241859962]}