{"train_loss": [0.9289933209962183, 0.923141749483524, 0.9191242521352107, 0.9068996018112296, 0.8964442469105862, 0.8887456894511043, 0.877181212795843, 0.8676708960297084, 0.860390577575948, 0.8498407009214458], "validation_loss": [0.9134322781672423, 0.9084260881632223, 0.9029661992500568, 0.8925789574096943, 0.8887414301948986, 0.8830142637778973, 0.8785673927986759, 0.8766834324803846, 0.885025216930214, 0.8805239796638489]}