{"train_loss": [0.9251251138082826, 0.9243009695322206, 0.9239313717525784, 0.9228686294933357, 0.92208465963307, 0.9210057429748006, 0.9196867886746284, 0.9181178581006456, 0.9164319194779538, 0.9145948482622014, 0.9126486025824405, 0.9104825957576828, 0.9082774753027624, 0.9060490606444898, 0.9037968274390343, 0.9021006158672937, 0.8998859746031241, 0.8981481477765754, 0.8964361698910741, 0.8948444222459698, 0.8932796772753838, 0.8917018608881695, 0.8905456378908441, 0.8890260974369427, 0.8875064224299818, 0.8863677223130028, 0.8851729489789151, 0.8838084685330344, 0.8826019837714658, 0.8814834385815233, 0.8802661538714229, 0.8792177090550414, 0.8781883970345601, 0.8771353015805236, 0.875964759895117, 0.8747414394770519, 0.8739518018642275, 0.872771695108697, 0.8719666553015756, 0.8707571419158785, 0.8698579489004494, 0.8689865030274533, 0.8680572474356925, 0.8669218013782313, 0.8660325531912322, 0.8653542656119507, 0.8640741109848022, 0.8638303232665109, 0.8626616794874172, 0.8620253311525478, 0.8609526254753075, 0.8599706846888703, 0.8596092943507846, 0.8588321987945254, 0.8582027598772899, 0.8574328041902863, 0.856840175567287, 0.8559686874989236, 0.8552644214417675, 0.8545189555918816, 0.8540666669902235, 0.8534461265743369, 0.8526600974031014, 0.8520943339508359, 0.8515986062512539, 0.851002296008686, 0.8507537676556276, 0.8501739764567648, 0.8496199020064703, 0.8490280388015332], "validation_loss": [0.9138312093142805, 0.9126072409509243, 0.9123399798897491, 0.9113861870491642, 0.9118902758620251, 0.9094453919893024, 0.9098612104339161, 0.9075460584684351, 0.9067521780386738, 0.904264041062059, 0.9029703400600916, 0.9006121836859604, 0.898853053991822, 0.8987486958503723, 0.895541757687755, 0.8973894043900501, 0.8943686711377111, 0.8924924587381298, 0.8912953741248997, 0.8895808972161392, 0.890712003598268, 0.8882822921906395, 0.8888506012401362, 0.8873557153789476, 0.8850348228695749, 0.8840178134797634, 0.8832141085602772, 0.8837663051725804, 0.8826973753413935, 0.8829525544725615, 0.8801117587363583, 0.8825495332136921, 0.8797230699966694, 0.8774550152921129, 0.8811373244756939, 0.8780811703068087, 0.8771546174739969, 0.8781813054249205, 0.8782700444089955, 0.8766860043865511, 0.8785620030315443, 0.8746736309994226, 0.874004255766156, 0.8744043947636396, 0.8732379140525028, 0.8778233678861597, 0.8728011387518082, 0.874563685093803, 0.8751341337445139, 0.8723600547889183, 0.8706299943485479, 0.8712293834521853, 0.8701866289664959, 0.870507338266263, 0.8717410913829146, 0.8717486125299301, 0.8696756171083998, 0.8696487936480292, 0.8687986299909395, 0.868641241528522, 0.8710772580113905, 0.8680753584565788, 0.8677466244533144, 0.868334705802216, 0.8680500607380922, 0.8663827913931046, 0.8686744639243202, 0.8670670342171329, 0.8668368554663384, 0.8680003682772318]}