{"train_loss": [2.729716941861823, 2.6742825614343775, 2.6268168133084138, 2.569180734086745, 2.487942614177666, 2.403865370419946, 2.3055362300117417, 2.227864865029212, 2.1557414024183066, 2.1008190471347015, 2.055462053506681, 2.0018818590900684, 1.9544110144719038, 1.9209742404446744, 1.9005657729536, 1.890812664929003, 1.8605274068246973, 1.8483071362618173, 1.8388266362766228, 1.8470951153500246, 1.8413108457433116, 1.812281373703834, 1.8053278946640468, 1.7819690751557302, 1.7833166901427921, 1.7800168696016367, 1.7658505109277103, 1.7553086162793754, 1.7123764883173573, 1.6984457037236431, 1.6874674735683026, 1.7106207691796935, 1.710674508963481, 1.6650764174980692, 1.64860735671355, 1.6450462648183992, 1.6445977829470493, 1.6453727790624788, 1.6377031649693403, 1.6404366516830897, 1.6460522495874084, 1.6414993576484151, 1.6326626798894146, 1.639845093878189, 1.6298257112503052, 1.6307986632432088, 1.6487325099435184, 1.6263965521708574, 1.6231032952223674, 1.6253556910127696, 1.6289214615774628, 1.6058225442867469, 1.6147812793750573, 1.6211649923041316, 1.6125202462224677, 1.6118270996773596, 1.6368244508705516, 1.6221060670248353, 1.598854385980285, 1.6458710420249711, 1.6233739286366076, 1.6062863687477489, 1.6272045432931126, 1.6357354976163052, 1.5951663727807526, 1.590660265176603, 1.5971967996937213, 1.5938610499448116, 1.5775404826249226, 1.5737548098705783], "validation_loss": [2.1114714497869667, 2.073973138223995, 2.074037841775201, 2.0342717495831577, 2.014028099450198, 1.99002758752216, 1.9583266025239772, 2.0283444740555505, 1.9357338412241503, 2.032986730337143, 1.916474697264758, 1.9158293306827545, 1.9004814624786377, 1.891268570314754, 1.9358314004811374, 2.0013693516904656, 1.895258917049928, 1.912053184075789, 1.9034544906832955, 1.9504198973829097, 1.9120278629389675, 1.8801083944060586, 1.890103044835004, 1.8864998383955522, 1.9010167094794186, 1.8947814106941223, 1.900668127970262, 1.8742310431870548, 1.8778343444520778, 1.878550104119561, 1.8659858541055159, 1.894028284332969, 1.8616047609936108, 1.8601878041570836, 1.9437307634136893, 1.890874681147662, 1.9075442173264243, 1.934936065565456, 1.8660794686187396, 1.8677157895131544, 1.8663270500573246, 1.8874221037734638, 1.875719647515904, 1.863489113070748, 2.085404420440847, 1.8717183606191115, 1.8829847276210785, 1.8696610656651584, 1.9261920966885306, 1.8713503913445906, 1.8757394823161038, 1.8728316724300385, 1.8815730837258426, 1.9291000772606244, 1.9438743943517858, 1.8964216031811454, 1.9091970026493073, 1.893774070523002, 1.8784156739711761, 1.8644423538988286, 1.897203654050827, 1.9638550687919964, 1.8698729222471064, 1.8887383612719448, 1.882110912691463, 1.879241255196658, 1.9079302874478428, 1.8899952877651562, 1.9385786219076677, 1.892590807242827]}