{"train_loss": [0.9390497514517, 0.9271385743476377, 0.9234007473039155, 0.9170559107667149, 0.9108300840500558, 0.9068962241163349, 0.9005416463507284, 0.8960554472880788, 0.8923834317391461, 0.8894555739837118, 0.885707931353314, 0.8827405864059334, 0.8768758340047138, 0.872607711518165, 0.8688007779050582, 0.8666648221488046, 0.8583368452468721, 0.8545229485129365, 0.8504014460757228, 0.8477518738496421], "validation_loss": [0.9291569021926529, 0.9193832456380472, 0.9210631230781818, 0.9121247379259131, 0.900901081233189, 0.8995598068182495, 0.8925112122776865, 0.8904294255136074, 0.8833841565011562, 0.8928525242312201, 0.8806568274552795, 0.8838658620571268, 0.883089903442339, 0.8777852037857319, 0.8825159655220207, 0.8779347038817131, 0.8825424608142897, 0.877674824890049, 0.8800665331983019, 0.8817849837500473]}